"LOCATION","Country","SUBJECT","Subject","MEASURE","Measure","FREQUENCY","Frequency","TIME","Period","Unit Code","Unit","PowerCode Code","PowerCode","Reference Period Code","Reference Period","Value","Flag Codes","Flags"
"NLD","Netherlands","B1_GE","Gross domestic product - expenditure approach","GPSA","Growth rate compared to previous quarter, seasonally adjusted","Q","Quarterly","2009-Q1","Q1-2009","PC","Percentage","0","Units",,,-3.593641,,
"NLD","Netherlands","B1_GE","Gross domestic product - expenditure approach","GPSA","Growth rate compared to previous quarter, seasonally adjusted","Q","Quarterly","2009-Q2","Q2-2009","PC","Percentage","0","Units",,,0.002509,,
"NLD","Netherlands","B1_GE","Gross domestic product - expenditure approach","GPSA","Growth rate compared to previous quarter, seasonally adjusted","Q","Quarterly","2009-Q3","Q3-2009","PC","Percentage","0","Units",,,0.400708,,
"NLD","Netherlands","B1_GE","Gross domestic product - expenditure approach","GPSA","Growth rate compared to previous quarter, seasonally adjusted","Q","Quarterly","2009-Q4","Q4-2009","PC","Percentage","0","Units",,,0.602328,,
"NLD","Netherlands","B1_GE","Gross domestic product - expenditure approach","GPSA","Growth rate compared to previous quarter, seasonally adjusted","Q","Quarterly","2010-Q1","Q1-2010","PC","Percentage","0","Units",,,-0.188883,,
"NLD","Netherlands","B1_GE","Gross domestic product - expenditure approach","GPSA","Growth rate compared to previous quarter, seasonally adjusted","Q","Quarterly","2010-Q2","Q2-2010","PC","Percentage","0","Units",,,0.438763,,
"NLD","Netherlands","B1_GE","Gross domestic product - expenditure approach","GPSA","Growth rate compared to previous quarter, seasonally adjusted","Q","Quarterly","2010-Q3","Q3-2010","PC","Percentage","0","Units",,,0.441571,,
"NLD","Netherlands","B1_GE","Gross domestic product - expenditure approach","GPSA","Growth rate compared to previous quarter, seasonally adjusted","Q","Quarterly","2010-Q4","Q4-2010","PC","Percentage","0","Units",,,1.127695,,
"NLD","Netherlands","B1_GE","Gross domestic product - expenditure approach","GPSA","Growth rate compared to previous quarter, seasonally adjusted","Q","Quarterly","2011-Q1","Q1-2011","PC","Percentage","0","Units",,,0.577217,,
"NLD","Netherlands","B1_GE","Gross domestic product - expenditure approach","GPSA","Growth rate compared to previous quarter, seasonally adjusted","Q","Quarterly","2011-Q2","Q2-2011","PC","Percentage","0","Units",,,-0.089565,,
"NLD","Netherlands","B1_GE","Gross domestic product - expenditure approach","GPSA","Growth rate compared to previous quarter, seasonally adjusted","Q","Quarterly","2011-Q3","Q3-2011","PC","Percentage","0","Units",,,0.000817,,
"NLD","Netherlands","B1_GE","Gross domestic product - expenditure approach","GPSA","Growth rate compared to previous quarter, seasonally adjusted","Q","Quarterly","2011-Q4","Q4-2011","PC","Percentage","0","Units",,,-0.60177,,
"NLD","Netherlands","B1_GE","Gross domestic product - expenditure approach","GPSA","Growth rate compared to previous quarter, seasonally adjusted","Q","Quarterly","2012-Q1","Q1-2012","PC","Percentage","0","Units",,,-0.21148,,
"NLD","Netherlands","B1_GE","Gross domestic product - expenditure approach","GPSA","Growth rate compared to previous quarter, seasonally adjusted","Q","Quarterly","2012-Q2","Q2-2012","PC","Percentage","0","Units",,,0.052873,,
"NLD","Netherlands","B1_GE","Gross domestic product - expenditure approach","GPSA","Growth rate compared to previous quarter, seasonally adjusted","Q","Quarterly","2012-Q3","Q3-2012","PC","Percentage","0","Units",,,-0.427678,,
"NLD","Netherlands","B1_GE","Gross domestic product - expenditure approach","GPSA","Growth rate compared to previous quarter, seasonally adjusted","Q","Quarterly","2012-Q4","Q4-2012","PC","Percentage","0","Units",,,-0.700495,,
"NLD","Netherlands","B1_GE","Gross domestic product - expenditure approach","GPSA","Growth rate compared to previous quarter, seasonally adjusted","Q","Quarterly","2013-Q1","Q1-2013","PC","Percentage","0","Units",,,0.323473,,
"NLD","Netherlands","B1_GE","Gross domestic product - expenditure approach","GPSA","Growth rate compared to previous quarter, seasonally adjusted","Q","Quarterly","2013-Q2","Q2-2013","PC","Percentage","0","Units",,,-0.181863,,
"NLD","Netherlands","B1_GE","Gross domestic product - expenditure approach","GPSA","Growth rate compared to previous quarter, seasonally adjusted","Q","Quarterly","2013-Q3","Q3-2013","PC","Percentage","0","Units",,,0.602942,,
"NLD","Netherlands","B1_GE","Gross domestic product - expenditure approach","GPSA","Growth rate compared to previous quarter, seasonally adjusted","Q","Quarterly","2013-Q4","Q4-2013","PC","Percentage","0","Units",,,0.635444,,
"NLD","Netherlands","B1_GE","Gross domestic product - expenditure approach","GPSA","Growth rate compared to previous quarter, seasonally adjusted","Q","Quarterly","2014-Q1","Q1-2014","PC","Percentage","0","Units",,,-0.094668,,
"NLD","Netherlands","B1_GE","Gross domestic product - expenditure approach","GPSA","Growth rate compared to previous quarter, seasonally adjusted","Q","Quarterly","2014-Q2","Q2-2014","PC","Percentage","0","Units",,,0.584946,,
"NLD","Netherlands","B1_GE","Gross domestic product - expenditure approach","GPSA","Growth rate compared to previous quarter, seasonally adjusted","Q","Quarterly","2014-Q3","Q3-2014","PC","Percentage","0","Units",,,0.249792,,
"NLD","Netherlands","B1_GE","Gross domestic product - expenditure approach","GPSA","Growth rate compared to previous quarter, seasonally adjusted","Q","Quarterly","2014-Q4","Q4-2014","PC","Percentage","0","Units",,,0.896071,,
"NLD","Netherlands","B1_GE","Gross domestic product - expenditure approach","GPSA","Growth rate compared to previous quarter, seasonally adjusted","Q","Quarterly","2015-Q1","Q1-2015","PC","Percentage","0","Units",,,0.595551,,
"NLD","Netherlands","B1_GE","Gross domestic product - expenditure approach","GPSA","Growth rate compared to previous quarter, seasonally adjusted","Q","Quarterly","2015-Q2","Q2-2015","PC","Percentage","0","Units",,,0.30968,,
"NLD","Netherlands","B1_GE","Gross domestic product - expenditure approach","GPSA","Growth rate compared to previous quarter, seasonally adjusted","Q","Quarterly","2015-Q3","Q3-2015","PC","Percentage","0","Units",,,0.342862,,
"NLD","Netherlands","B1_GE","Gross domestic product - expenditure approach","GPSA","Growth rate compared to previous quarter, seasonally adjusted","Q","Quarterly","2015-Q4","Q4-2015","PC","Percentage","0","Units",,,0.016288,,
"NLD","Netherlands","B1_GE","Gross domestic product - expenditure approach","GPSA","Growth rate compared to previous quarter, seasonally adjusted","Q","Quarterly","2016-Q1","Q1-2016","PC","Percentage","0","Units",,,0.916493,,
"NLD","Netherlands","B1_GE","Gross domestic product - expenditure approach","GPSA","Growth rate compared to previous quarter, seasonally adjusted","Q","Quarterly","2016-Q2","Q2-2016","PC","Percentage","0","Units",,,0.232835,,
"NLD","Netherlands","B1_GE","Gross domestic product - expenditure approach","GPSA","Growth rate compared to previous quarter, seasonally adjusted","Q","Quarterly","2016-Q3","Q3-2016","PC","Percentage","0","Units",,,1.122432,,
"NLD","Netherlands","B1_GE","Gross domestic product - expenditure approach","GPSA","Growth rate compared to previous quarter, seasonally adjusted","Q","Quarterly","2016-Q4","Q4-2016","PC","Percentage","0","Units",,,0.842837,,
"NLD","Netherlands","B1_GE","Gross domestic product - expenditure approach","GPSA","Growth rate compared to previous quarter, seasonally adjusted","Q","Quarterly","2017-Q1","Q1-2017","PC","Percentage","0","Units",,,0.507585,,
"NLD","Netherlands","B1_GE","Gross domestic product - expenditure approach","GPSA","Growth rate compared to previous quarter, seasonally adjusted","Q","Quarterly","2017-Q2","Q2-2017","PC","Percentage","0","Units",,,0.881161,,
"NLD","Netherlands","B1_GE","Gross domestic product - expenditure approach","GPSA","Growth rate compared to previous quarter, seasonally adjusted","Q","Quarterly","2017-Q3","Q3-2017","PC","Percentage","0","Units",,,0.727858,,
"NLD","Netherlands","B1_GE","Gross domestic product - expenditure approach","GPSA","Growth rate compared to previous quarter, seasonally adjusted","Q","Quarterly","2017-Q4","Q4-2017","PC","Percentage","0","Units",,,0.791995,,
"NLD","Netherlands","B1_GE","Gross domestic product - expenditure approach","GPSA","Growth rate compared to previous quarter, seasonally adjusted","Q","Quarterly","2018-Q1","Q1-2018","PC","Percentage","0","Units",,,0.457198,"P","Provisional value"
"NLD","Netherlands","B1_GE","Gross domestic product - expenditure approach","GPSA","Growth rate compared to previous quarter, seasonally adjusted","Q","Quarterly","2018-Q2","Q2-2018","PC","Percentage","0","Units",,,0.603985,"P","Provisional value"
"NLD","Netherlands","B1_GE","Gross domestic product - expenditure approach","GPSA","Growth rate compared to previous quarter, seasonally adjusted","Q","Quarterly","2018-Q3","Q3-2018","PC","Percentage","0","Units",,,0.221104,"P","Provisional value"
"NLD","Netherlands","B1_GE","Gross domestic product - expenditure approach","GPSA","Growth rate compared to previous quarter, seasonally adjusted","Q","Quarterly","2018-Q4","Q4-2018","PC","Percentage","0","Units",,,0.406574,"P","Provisional value"
"NLD","Netherlands","B1_GE","Gross domestic product - expenditure approach","GPSA","Growth rate compared to previous quarter, seasonally adjusted","Q","Quarterly","2019-Q1","Q1-2019","PC","Percentage","0","Units",,,0.506885,"P","Provisional value"
"NLD","Netherlands","B1_GE","Gross domestic product - expenditure approach","GPSA","Growth rate compared to previous quarter, seasonally adjusted","Q","Quarterly","2019-Q2","Q2-2019","PC","Percentage","0","Units",,,0.357658,"P","Provisional value"
"NLD","Netherlands","B1_GE","Gross domestic product - expenditure approach","GPSA","Growth rate compared to previous quarter, seasonally adjusted","Q","Quarterly","2019-Q3","Q3-2019","PC","Percentage","0","Units",,,0.330902,"P","Provisional value"
"NLD","Netherlands","B1_GE","Gross domestic product - expenditure approach","GPSA","Growth rate compared to previous quarter, seasonally adjusted","Q","Quarterly","2019-Q4","Q4-2019","PC","Percentage","0","Units",,,0.453475,"P","Provisional value"
"NLD","Netherlands","B1_GE","Gross domestic product - expenditure approach","GPSA","Growth rate compared to previous quarter, seasonally adjusted","Q","Quarterly","2020-Q1","Q1-2020","PC","Percentage","0","Units",,,-1.494446,"P","Provisional value"
"NLD","Netherlands","P51","Gross fixed capital formation","GPSA","Growth rate compared to previous quarter, seasonally adjusted","Q","Quarterly","2009-Q1","Q1-2009","PC","Percentage","0","Units",,,-9.268915,,
"NLD","Netherlands","P51","Gross fixed capital formation","GPSA","Growth rate compared to previous quarter, seasonally adjusted","Q","Quarterly","2009-Q2","Q2-2009","PC","Percentage","0","Units",,,-1.917289,,
"NLD","Netherlands","P51","Gross fixed capital formation","GPSA","Growth rate compared to previous quarter, seasonally adjusted","Q","Quarterly","2009-Q3","Q3-2009","PC","Percentage","0","Units",,,0.39819,,
"NLD","Netherlands","P51","Gross fixed capital formation","GPSA","Growth rate compared to previous quarter, seasonally adjusted","Q","Quarterly","2009-Q4","Q4-2009","PC","Percentage","0","Units",,,1.052743,,
"NLD","Netherlands","P51","Gross fixed capital formation","GPSA","Growth rate compared to previous quarter, seasonally adjusted","Q","Quarterly","2010-Q1","Q1-2010","PC","Percentage","0","Units",,,-7.76763,,
"NLD","Netherlands","P51","Gross fixed capital formation","GPSA","Growth rate compared to previous quarter, seasonally adjusted","Q","Quarterly","2010-Q2","Q2-2010","PC","Percentage","0","Units",,,2.064964,,
"NLD","Netherlands","P51","Gross fixed capital formation","GPSA","Growth rate compared to previous quarter, seasonally adjusted","Q","Quarterly","2010-Q3","Q3-2010","PC","Percentage","0","Units",,,-0.909044,,
"NLD","Netherlands","P51","Gross fixed capital formation","GPSA","Growth rate compared to previous quarter, seasonally adjusted","Q","Quarterly","2010-Q4","Q4-2010","PC","Percentage","0","Units",,,-2.116905,,
"NLD","Netherlands","P51","Gross fixed capital formation","GPSA","Growth rate compared to previous quarter, seasonally adjusted","Q","Quarterly","2011-Q1","Q1-2011","PC","Percentage","0","Units",,,8.691523,,
"NLD","Netherlands","P51","Gross fixed capital formation","GPSA","Growth rate compared to previous quarter, seasonally adjusted","Q","Quarterly","2011-Q2","Q2-2011","PC","Percentage","0","Units",,,-2.535128,,
"NLD","Netherlands","P51","Gross fixed capital formation","GPSA","Growth rate compared to previous quarter, seasonally adjusted","Q","Quarterly","2011-Q3","Q3-2011","PC","Percentage","0","Units",,,-0.542188,,
"NLD","Netherlands","P51","Gross fixed capital formation","GPSA","Growth rate compared to previous quarter, seasonally adjusted","Q","Quarterly","2011-Q4","Q4-2011","PC","Percentage","0","Units",,,-0.361522,,
"NLD","Netherlands","P51","Gross fixed capital formation","GPSA","Growth rate compared to previous quarter, seasonally adjusted","Q","Quarterly","2012-Q1","Q1-2012","PC","Percentage","0","Units",,,-2.660644,,
"NLD","Netherlands","P51","Gross fixed capital formation","GPSA","Growth rate compared to previous quarter, seasonally adjusted","Q","Quarterly","2012-Q2","Q2-2012","PC","Percentage","0","Units",,,-0.48849,,
"NLD","Netherlands","P51","Gross fixed capital formation","GPSA","Growth rate compared to previous quarter, seasonally adjusted","Q","Quarterly","2012-Q3","Q3-2012","PC","Percentage","0","Units",,,-2.657891,,
"NLD","Netherlands","P51","Gross fixed capital formation","GPSA","Growth rate compared to previous quarter, seasonally adjusted","Q","Quarterly","2012-Q4","Q4-2012","PC","Percentage","0","Units",,,-3.794286,,
"NLD","Netherlands","P51","Gross fixed capital formation","GPSA","Growth rate compared to previous quarter, seasonally adjusted","Q","Quarterly","2013-Q1","Q1-2013","PC","Percentage","0","Units",,,-2.751462,,
"NLD","Netherlands","P51","Gross fixed capital formation","GPSA","Growth rate compared to previous quarter, seasonally adjusted","Q","Quarterly","2013-Q2","Q2-2013","PC","Percentage","0","Units",,,3.195569,,
"NLD","Netherlands","P51","Gross fixed capital formation","GPSA","Growth rate compared to previous quarter, seasonally adjusted","Q","Quarterly","2013-Q3","Q3-2013","PC","Percentage","0","Units",,,3.380412,,
"NLD","Netherlands","P51","Gross fixed capital formation","GPSA","Growth rate compared to previous quarter, seasonally adjusted","Q","Quarterly","2013-Q4","Q4-2013","PC","Percentage","0","Units",,,6.444552,,
"NLD","Netherlands","P51","Gross fixed capital formation","GPSA","Growth rate compared to previous quarter, seasonally adjusted","Q","Quarterly","2014-Q1","Q1-2014","PC","Percentage","0","Units",,,-9.03863,,
"NLD","Netherlands","P51","Gross fixed capital formation","GPSA","Growth rate compared to previous quarter, seasonally adjusted","Q","Quarterly","2014-Q2","Q2-2014","PC","Percentage","0","Units",,,-0.87934,,
"NLD","Netherlands","P51","Gross fixed capital formation","GPSA","Growth rate compared to previous quarter, seasonally adjusted","Q","Quarterly","2014-Q3","Q3-2014","PC","Percentage","0","Units",,,0.206565,,
"NLD","Netherlands","P51","Gross fixed capital formation","GPSA","Growth rate compared to previous quarter, seasonally adjusted","Q","Quarterly","2014-Q4","Q4-2014","PC","Percentage","0","Units",,,3.104135,,
"NLD","Netherlands","P51","Gross fixed capital formation","GPSA","Growth rate compared to previous quarter, seasonally adjusted","Q","Quarterly","2015-Q1","Q1-2015","PC","Percentage","0","Units",,,-21.24736,,
"NLD","Netherlands","P51","Gross fixed capital formation","GPSA","Growth rate compared to previous quarter, seasonally adjusted","Q","Quarterly","2015-Q2","Q2-2015","PC","Percentage","0","Units",,,161.137849,,
"NLD","Netherlands","P51","Gross fixed capital formation","GPSA","Growth rate compared to previous quarter, seasonally adjusted","Q","Quarterly","2015-Q3","Q3-2015","PC","Percentage","0","Units",,,-47.061933,,
"NLD","Netherlands","P51","Gross fixed capital formation","GPSA","Growth rate compared to previous quarter, seasonally adjusted","Q","Quarterly","2015-Q4","Q4-2015","PC","Percentage","0","Units",,,2.640611,,
"NLD","Netherlands","P51","Gross fixed capital formation","GPSA","Growth rate compared to previous quarter, seasonally adjusted","Q","Quarterly","2016-Q1","Q1-2016","PC","Percentage","0","Units",,,1.891069,,
"NLD","Netherlands","P51","Gross fixed capital formation","GPSA","Growth rate compared to previous quarter, seasonally adjusted","Q","Quarterly","2016-Q2","Q2-2016","PC","Percentage","0","Units",,,3.478718,,
"NLD","Netherlands","P51","Gross fixed capital formation","GPSA","Growth rate compared to previous quarter, seasonally adjusted","Q","Quarterly","2016-Q3","Q3-2016","PC","Percentage","0","Units",,,0.038079,,
"NLD","Netherlands","P51","Gross fixed capital formation","GPSA","Growth rate compared to previous quarter, seasonally adjusted","Q","Quarterly","2016-Q4","Q4-2016","PC","Percentage","0","Units",,,0.404587,,
"NLD","Netherlands","P51","Gross fixed capital formation","GPSA","Growth rate compared to previous quarter, seasonally adjusted","Q","Quarterly","2017-Q1","Q1-2017","PC","Percentage","0","Units",,,-0.055832,,
"NLD","Netherlands","P51","Gross fixed capital formation","GPSA","Growth rate compared to previous quarter, seasonally adjusted","Q","Quarterly","2017-Q2","Q2-2017","PC","Percentage","0","Units",,,1.092002,,
"NLD","Netherlands","P51","Gross fixed capital formation","GPSA","Growth rate compared to previous quarter, seasonally adjusted","Q","Quarterly","2017-Q3","Q3-2017","PC","Percentage","0","Units",,,4.895363,,
"NLD","Netherlands","P51","Gross fixed capital formation","GPSA","Growth rate compared to previous quarter, seasonally adjusted","Q","Quarterly","2017-Q4","Q4-2017","PC","Percentage","0","Units",,,-0.397704,,
"NLD","Netherlands","P51","Gross fixed capital formation","GPSA","Growth rate compared to previous quarter, seasonally adjusted","Q","Quarterly","2018-Q1","Q1-2018","PC","Percentage","0","Units",,,0.919807,"P","Provisional value"
"NLD","Netherlands","P51","Gross fixed capital formation","GPSA","Growth rate compared to previous quarter, seasonally adjusted","Q","Quarterly","2018-Q2","Q2-2018","PC","Percentage","0","Units",,,0.48042,"P","Provisional value"
"NLD","Netherlands","P51","Gross fixed capital formation","GPSA","Growth rate compared to previous quarter, seasonally adjusted","Q","Quarterly","2018-Q3","Q3-2018","PC","Percentage","0","Units",,,-1.833277,"P","Provisional value"
"NLD","Netherlands","P51","Gross fixed capital formation","GPSA","Growth rate compared to previous quarter, seasonally adjusted","Q","Quarterly","2018-Q4","Q4-2018","PC","Percentage","0","Units",,,3.228791,"P","Provisional value"
"NLD","Netherlands","P51","Gross fixed capital formation","GPSA","Growth rate compared to previous quarter, seasonally adjusted","Q","Quarterly","2019-Q1","Q1-2019","PC","Percentage","0","Units",,,1.895573,"P","Provisional value"
"NLD","Netherlands","P51","Gross fixed capital formation","GPSA","Growth rate compared to previous quarter, seasonally adjusted","Q","Quarterly","2019-Q2","Q2-2019","PC","Percentage","0","Units",,,1.139467,"P","Provisional value"
"NLD","Netherlands","P51","Gross fixed capital formation","GPSA","Growth rate compared to previous quarter, seasonally adjusted","Q","Quarterly","2019-Q3","Q3-2019","PC","Percentage","0","Units",,,-0.367915,"P","Provisional value"
"NLD","Netherlands","P51","Gross fixed capital formation","GPSA","Growth rate compared to previous quarter, seasonally adjusted","Q","Quarterly","2019-Q4","Q4-2019","PC","Percentage","0","Units",,,1.290864,"P","Provisional value"
"NLD","Netherlands","P51","Gross fixed capital formation","GPSA","Growth rate compared to previous quarter, seasonally adjusted","Q","Quarterly","2020-Q1","Q1-2020","PC","Percentage","0","Units",,,0.636362,"P","Provisional value"
"NLD","Netherlands","P6","Exports of goods and services","GPSA","Growth rate compared to previous quarter, seasonally adjusted","Q","Quarterly","2009-Q1","Q1-2009","PC","Percentage","0","Units",,,-8.10674,,
"NLD","Netherlands","P6","Exports of goods and services","GPSA","Growth rate compared to previous quarter, seasonally adjusted","Q","Quarterly","2009-Q2","Q2-2009","PC","Percentage","0","Units",,,0.88343,,
"NLD","Netherlands","P6","Exports of goods and services","GPSA","Growth rate compared to previous quarter, seasonally adjusted","Q","Quarterly","2009-Q3","Q3-2009","PC","Percentage","0","Units",,,2.288913,,
"NLD","Netherlands","P6","Exports of goods and services","GPSA","Growth rate compared to previous quarter, seasonally adjusted","Q","Quarterly","2009-Q4","Q4-2009","PC","Percentage","0","Units",,,2.364009,,
"NLD","Netherlands","P6","Exports of goods and services","GPSA","Growth rate compared to previous quarter, seasonally adjusted","Q","Quarterly","2010-Q1","Q1-2010","PC","Percentage","0","Units",,,2.248951,,
"NLD","Netherlands","P6","Exports of goods and services","GPSA","Growth rate compared to previous quarter, seasonally adjusted","Q","Quarterly","2010-Q2","Q2-2010","PC","Percentage","0","Units",,,2.719367,,
"NLD","Netherlands","P6","Exports of goods and services","GPSA","Growth rate compared to previous quarter, seasonally adjusted","Q","Quarterly","2010-Q3","Q3-2010","PC","Percentage","0","Units",,,2.340858,,
"NLD","Netherlands","P6","Exports of goods and services","GPSA","Growth rate compared to previous quarter, seasonally adjusted","Q","Quarterly","2010-Q4","Q4-2010","PC","Percentage","0","Units",,,2.480081,,
"NLD","Netherlands","P6","Exports of goods and services","GPSA","Growth rate compared to previous quarter, seasonally adjusted","Q","Quarterly","2011-Q1","Q1-2011","PC","Percentage","0","Units",,,1.056603,,
"NLD","Netherlands","P6","Exports of goods and services","GPSA","Growth rate compared to previous quarter, seasonally adjusted","Q","Quarterly","2011-Q2","Q2-2011","PC","Percentage","0","Units",,,-0.043127,,
"NLD","Netherlands","P6","Exports of goods and services","GPSA","Growth rate compared to previous quarter, seasonally adjusted","Q","Quarterly","2011-Q3","Q3-2011","PC","Percentage","0","Units",,,1.097107,,
"NLD","Netherlands","P6","Exports of goods and services","GPSA","Growth rate compared to previous quarter, seasonally adjusted","Q","Quarterly","2011-Q4","Q4-2011","PC","Percentage","0","Units",,,-0.583646,,
"NLD","Netherlands","P6","Exports of goods and services","GPSA","Growth rate compared to previous quarter, seasonally adjusted","Q","Quarterly","2012-Q1","Q1-2012","PC","Percentage","0","Units",,,1.26475,,
"NLD","Netherlands","P6","Exports of goods and services","GPSA","Growth rate compared to previous quarter, seasonally adjusted","Q","Quarterly","2012-Q2","Q2-2012","PC","Percentage","0","Units",,,1.912096,,
"NLD","Netherlands","P6","Exports of goods and services","GPSA","Growth rate compared to previous quarter, seasonally adjusted","Q","Quarterly","2012-Q3","Q3-2012","PC","Percentage","0","Units",,,0.092638,,
"NLD","Netherlands","P6","Exports of goods and services","GPSA","Growth rate compared to previous quarter, seasonally adjusted","Q","Quarterly","2012-Q4","Q4-2012","PC","Percentage","0","Units",,,1.497147,,
"NLD","Netherlands","P6","Exports of goods and services","GPSA","Growth rate compared to previous quarter, seasonally adjusted","Q","Quarterly","2013-Q1","Q1-2013","PC","Percentage","0","Units",,,0.10514,,
"NLD","Netherlands","P6","Exports of goods and services","GPSA","Growth rate compared to previous quarter, seasonally adjusted","Q","Quarterly","2013-Q2","Q2-2013","PC","Percentage","0","Units",,,-0.013764,,
"NLD","Netherlands","P6","Exports of goods and services","GPSA","Growth rate compared to previous quarter, seasonally adjusted","Q","Quarterly","2013-Q3","Q3-2013","PC","Percentage","0","Units",,,1.065458,,
"NLD","Netherlands","P6","Exports of goods and services","GPSA","Growth rate compared to previous quarter, seasonally adjusted","Q","Quarterly","2013-Q4","Q4-2013","PC","Percentage","0","Units",,,1.366027,,
"NLD","Netherlands","P6","Exports of goods and services","GPSA","Growth rate compared to previous quarter, seasonally adjusted","Q","Quarterly","2014-Q1","Q1-2014","PC","Percentage","0","Units",,,0.889051,,
"NLD","Netherlands","P6","Exports of goods and services","GPSA","Growth rate compared to previous quarter, seasonally adjusted","Q","Quarterly","2014-Q2","Q2-2014","PC","Percentage","0","Units",,,0.936941,,
"NLD","Netherlands","P6","Exports of goods and services","GPSA","Growth rate compared to previous quarter, seasonally adjusted","Q","Quarterly","2014-Q3","Q3-2014","PC","Percentage","0","Units",,,1.910089,,
"NLD","Netherlands","P6","Exports of goods and services","GPSA","Growth rate compared to previous quarter, seasonally adjusted","Q","Quarterly","2014-Q4","Q4-2014","PC","Percentage","0","Units",,,1.392048,,
"NLD","Netherlands","P6","Exports of goods and services","GPSA","Growth rate compared to previous quarter, seasonally adjusted","Q","Quarterly","2015-Q1","Q1-2015","PC","Percentage","0","Units",,,6.734986,,
"NLD","Netherlands","P6","Exports of goods and services","GPSA","Growth rate compared to previous quarter, seasonally adjusted","Q","Quarterly","2015-Q2","Q2-2015","PC","Percentage","0","Units",,,-3.181902,,
"NLD","Netherlands","P6","Exports of goods and services","GPSA","Growth rate compared to previous quarter, seasonally adjusted","Q","Quarterly","2015-Q3","Q3-2015","PC","Percentage","0","Units",,,1.178738,,
"NLD","Netherlands","P6","Exports of goods and services","GPSA","Growth rate compared to previous quarter, seasonally adjusted","Q","Quarterly","2015-Q4","Q4-2015","PC","Percentage","0","Units",,,0.914592,,
"NLD","Netherlands","P6","Exports of goods and services","GPSA","Growth rate compared to previous quarter, seasonally adjusted","Q","Quarterly","2016-Q1","Q1-2016","PC","Percentage","0","Units",,,0.252185,,
"NLD","Netherlands","P6","Exports of goods and services","GPSA","Growth rate compared to previous quarter, seasonally adjusted","Q","Quarterly","2016-Q2","Q2-2016","PC","Percentage","0","Units",,,-0.014801,,
"NLD","Netherlands","P6","Exports of goods and services","GPSA","Growth rate compared to previous quarter, seasonally adjusted","Q","Quarterly","2016-Q3","Q3-2016","PC","Percentage","0","Units",,,0.96915,,
"NLD","Netherlands","P6","Exports of goods and services","GPSA","Growth rate compared to previous quarter, seasonally adjusted","Q","Quarterly","2016-Q4","Q4-2016","PC","Percentage","0","Units",,,1.307043,,
"NLD","Netherlands","P6","Exports of goods and services","GPSA","Growth rate compared to previous quarter, seasonally adjusted","Q","Quarterly","2017-Q1","Q1-2017","PC","Percentage","0","Units",,,2.816189,,
"NLD","Netherlands","P6","Exports of goods and services","GPSA","Growth rate compared to previous quarter, seasonally adjusted","Q","Quarterly","2017-Q2","Q2-2017","PC","Percentage","0","Units",,,1.6388,,
"NLD","Netherlands","P6","Exports of goods and services","GPSA","Growth rate compared to previous quarter, seasonally adjusted","Q","Quarterly","2017-Q3","Q3-2017","PC","Percentage","0","Units",,,1.467231,,
"NLD","Netherlands","P6","Exports of goods and services","GPSA","Growth rate compared to previous quarter, seasonally adjusted","Q","Quarterly","2017-Q4","Q4-2017","PC","Percentage","0","Units",,,1.394155,,
"NLD","Netherlands","P6","Exports of goods and services","GPSA","Growth rate compared to previous quarter, seasonally adjusted","Q","Quarterly","2018-Q1","Q1-2018","PC","Percentage","0","Units",,,0.754677,"P","Provisional value"
"NLD","Netherlands","P6","Exports of goods and services","GPSA","Growth rate compared to previous quarter, seasonally adjusted","Q","Quarterly","2018-Q2","Q2-2018","PC","Percentage","0","Units",,,0.8436,"P","Provisional value"
"NLD","Netherlands","P6","Exports of goods and services","GPSA","Growth rate compared to previous quarter, seasonally adjusted","Q","Quarterly","2018-Q3","Q3-2018","PC","Percentage","0","Units",,,1.680296,"P","Provisional value"
"NLD","Netherlands","P6","Exports of goods and services","GPSA","Growth rate compared to previous quarter, seasonally adjusted","Q","Quarterly","2018-Q4","Q4-2018","PC","Percentage","0","Units",,,-0.98748,"P","Provisional value"
"NLD","Netherlands","P6","Exports of goods and services","GPSA","Growth rate compared to previous quarter, seasonally adjusted","Q","Quarterly","2019-Q1","Q1-2019","PC","Percentage","0","Units",,,0.337952,"P","Provisional value"
"NLD","Netherlands","P6","Exports of goods and services","GPSA","Growth rate compared to previous quarter, seasonally adjusted","Q","Quarterly","2019-Q2","Q2-2019","PC","Percentage","0","Units",,,1.627227,"P","Provisional value"
"NLD","Netherlands","P6","Exports of goods and services","GPSA","Growth rate compared to previous quarter, seasonally adjusted","Q","Quarterly","2019-Q3","Q3-2019","PC","Percentage","0","Units",,,1.164132,"P","Provisional value"
"NLD","Netherlands","P6","Exports of goods and services","GPSA","Growth rate compared to previous quarter, seasonally adjusted","Q","Quarterly","2019-Q4","Q4-2019","PC","Percentage","0","Units",,,0.590285,"P","Provisional value"
"NLD","Netherlands","P6","Exports of goods and services","GPSA","Growth rate compared to previous quarter, seasonally adjusted","Q","Quarterly","2020-Q1","Q1-2020","PC","Percentage","0","Units",,,-1.897846,"P","Provisional value"
"NLD","Netherlands","P7","Imports of goods and services","GPSA","Growth rate compared to previous quarter, seasonally adjusted","Q","Quarterly","2009-Q1","Q1-2009","PC","Percentage","0","Units",,,-7.775383,,
"NLD","Netherlands","P7","Imports of goods and services","GPSA","Growth rate compared to previous quarter, seasonally adjusted","Q","Quarterly","2009-Q2","Q2-2009","PC","Percentage","0","Units",,,-0.06428,,
"NLD","Netherlands","P7","Imports of goods and services","GPSA","Growth rate compared to previous quarter, seasonally adjusted","Q","Quarterly","2009-Q3","Q3-2009","PC","Percentage","0","Units",,,2.445986,,
"NLD","Netherlands","P7","Imports of goods and services","GPSA","Growth rate compared to previous quarter, seasonally adjusted","Q","Quarterly","2009-Q4","Q4-2009","PC","Percentage","0","Units",,,2.507223,,
"NLD","Netherlands","P7","Imports of goods and services","GPSA","Growth rate compared to previous quarter, seasonally adjusted","Q","Quarterly","2010-Q1","Q1-2010","PC","Percentage","0","Units",,,1.469139,,
"NLD","Netherlands","P7","Imports of goods and services","GPSA","Growth rate compared to previous quarter, seasonally adjusted","Q","Quarterly","2010-Q2","Q2-2010","PC","Percentage","0","Units",,,3.680964,,
"NLD","Netherlands","P7","Imports of goods and services","GPSA","Growth rate compared to previous quarter, seasonally adjusted","Q","Quarterly","2010-Q3","Q3-2010","PC","Percentage","0","Units",,,0.696726,,
"NLD","Netherlands","P7","Imports of goods and services","GPSA","Growth rate compared to previous quarter, seasonally adjusted","Q","Quarterly","2010-Q4","Q4-2010","PC","Percentage","0","Units",,,1.713768,,
"NLD","Netherlands","P7","Imports of goods and services","GPSA","Growth rate compared to previous quarter, seasonally adjusted","Q","Quarterly","2011-Q1","Q1-2011","PC","Percentage","0","Units",,,1.573381,,
"NLD","Netherlands","P7","Imports of goods and services","GPSA","Growth rate compared to previous quarter, seasonally adjusted","Q","Quarterly","2011-Q2","Q2-2011","PC","Percentage","0","Units",,,-1.406845,,
"NLD","Netherlands","P7","Imports of goods and services","GPSA","Growth rate compared to previous quarter, seasonally adjusted","Q","Quarterly","2011-Q3","Q3-2011","PC","Percentage","0","Units",,,1.723169,,
"NLD","Netherlands","P7","Imports of goods and services","GPSA","Growth rate compared to previous quarter, seasonally adjusted","Q","Quarterly","2011-Q4","Q4-2011","PC","Percentage","0","Units",,,-0.371207,,
"NLD","Netherlands","P7","Imports of goods and services","GPSA","Growth rate compared to previous quarter, seasonally adjusted","Q","Quarterly","2012-Q1","Q1-2012","PC","Percentage","0","Units",,,0.752111,,
"NLD","Netherlands","P7","Imports of goods and services","GPSA","Growth rate compared to previous quarter, seasonally adjusted","Q","Quarterly","2012-Q2","Q2-2012","PC","Percentage","0","Units",,,1.553591,,
"NLD","Netherlands","P7","Imports of goods and services","GPSA","Growth rate compared to previous quarter, seasonally adjusted","Q","Quarterly","2012-Q3","Q3-2012","PC","Percentage","0","Units",,,-0.196456,,
"NLD","Netherlands","P7","Imports of goods and services","GPSA","Growth rate compared to previous quarter, seasonally adjusted","Q","Quarterly","2012-Q4","Q4-2012","PC","Percentage","0","Units",,,0.473694,,
"NLD","Netherlands","P7","Imports of goods and services","GPSA","Growth rate compared to previous quarter, seasonally adjusted","Q","Quarterly","2013-Q1","Q1-2013","PC","Percentage","0","Units",,,-0.585953,,
"NLD","Netherlands","P7","Imports of goods and services","GPSA","Growth rate compared to previous quarter, seasonally adjusted","Q","Quarterly","2013-Q2","Q2-2013","PC","Percentage","0","Units",,,1.501055,,
"NLD","Netherlands","P7","Imports of goods and services","GPSA","Growth rate compared to previous quarter, seasonally adjusted","Q","Quarterly","2013-Q3","Q3-2013","PC","Percentage","0","Units",,,0.877412,,
"NLD","Netherlands","P7","Imports of goods and services","GPSA","Growth rate compared to previous quarter, seasonally adjusted","Q","Quarterly","2013-Q4","Q4-2013","PC","Percentage","0","Units",,,2.999635,,
"NLD","Netherlands","P7","Imports of goods and services","GPSA","Growth rate compared to previous quarter, seasonally adjusted","Q","Quarterly","2014-Q1","Q1-2014","PC","Percentage","0","Units",,,-1.369456,,
"NLD","Netherlands","P7","Imports of goods and services","GPSA","Growth rate compared to previous quarter, seasonally adjusted","Q","Quarterly","2014-Q2","Q2-2014","PC","Percentage","0","Units",,,0.461274,,
"NLD","Netherlands","P7","Imports of goods and services","GPSA","Growth rate compared to previous quarter, seasonally adjusted","Q","Quarterly","2014-Q3","Q3-2014","PC","Percentage","0","Units",,,1.768601,,
"NLD","Netherlands","P7","Imports of goods and services","GPSA","Growth rate compared to previous quarter, seasonally adjusted","Q","Quarterly","2014-Q4","Q4-2014","PC","Percentage","0","Units",,,1.444807,,
"NLD","Netherlands","P7","Imports of goods and services","GPSA","Growth rate compared to previous quarter, seasonally adjusted","Q","Quarterly","2015-Q1","Q1-2015","PC","Percentage","0","Units",,,1.930995,,
"NLD","Netherlands","P7","Imports of goods and services","GPSA","Growth rate compared to previous quarter, seasonally adjusted","Q","Quarterly","2015-Q2","Q2-2015","PC","Percentage","0","Units",,,28.166286,,
"NLD","Netherlands","P7","Imports of goods and services","GPSA","Growth rate compared to previous quarter, seasonally adjusted","Q","Quarterly","2015-Q3","Q3-2015","PC","Percentage","0","Units",,,-18.095192,,
"NLD","Netherlands","P7","Imports of goods and services","GPSA","Growth rate compared to previous quarter, seasonally adjusted","Q","Quarterly","2015-Q4","Q4-2015","PC","Percentage","0","Units",,,2.089504,,
"NLD","Netherlands","P7","Imports of goods and services","GPSA","Growth rate compared to previous quarter, seasonally adjusted","Q","Quarterly","2016-Q1","Q1-2016","PC","Percentage","0","Units",,,-0.668502,,
"NLD","Netherlands","P7","Imports of goods and services","GPSA","Growth rate compared to previous quarter, seasonally adjusted","Q","Quarterly","2016-Q2","Q2-2016","PC","Percentage","0","Units",,,1.008835,,
"NLD","Netherlands","P7","Imports of goods and services","GPSA","Growth rate compared to previous quarter, seasonally adjusted","Q","Quarterly","2016-Q3","Q3-2016","PC","Percentage","0","Units",,,0.45229,,
"NLD","Netherlands","P7","Imports of goods and services","GPSA","Growth rate compared to previous quarter, seasonally adjusted","Q","Quarterly","2016-Q4","Q4-2016","PC","Percentage","0","Units",,,1.040193,,
"NLD","Netherlands","P7","Imports of goods and services","GPSA","Growth rate compared to previous quarter, seasonally adjusted","Q","Quarterly","2017-Q1","Q1-2017","PC","Percentage","0","Units",,,2.056006,,
"NLD","Netherlands","P7","Imports of goods and services","GPSA","Growth rate compared to previous quarter, seasonally adjusted","Q","Quarterly","2017-Q2","Q2-2017","PC","Percentage","0","Units",,,1.954658,,
"NLD","Netherlands","P7","Imports of goods and services","GPSA","Growth rate compared to previous quarter, seasonally adjusted","Q","Quarterly","2017-Q3","Q3-2017","PC","Percentage","0","Units",,,2.453243,,
"NLD","Netherlands","P7","Imports of goods and services","GPSA","Growth rate compared to previous quarter, seasonally adjusted","Q","Quarterly","2017-Q4","Q4-2017","PC","Percentage","0","Units",,,1.161531,,
"NLD","Netherlands","P7","Imports of goods and services","GPSA","Growth rate compared to previous quarter, seasonally adjusted","Q","Quarterly","2018-Q1","Q1-2018","PC","Percentage","0","Units",,,1.2176,"P","Provisional value"
"NLD","Netherlands","P7","Imports of goods and services","GPSA","Growth rate compared to previous quarter, seasonally adjusted","Q","Quarterly","2018-Q2","Q2-2018","PC","Percentage","0","Units",,,0.432769,"P","Provisional value"
"NLD","Netherlands","P7","Imports of goods and services","GPSA","Growth rate compared to previous quarter, seasonally adjusted","Q","Quarterly","2018-Q3","Q3-2018","PC","Percentage","0","Units",,,1.132133,"P","Provisional value"
"NLD","Netherlands","P7","Imports of goods and services","GPSA","Growth rate compared to previous quarter, seasonally adjusted","Q","Quarterly","2018-Q4","Q4-2018","PC","Percentage","0","Units",,,-0.572072,"P","Provisional value"
"NLD","Netherlands","P7","Imports of goods and services","GPSA","Growth rate compared to previous quarter, seasonally adjusted","Q","Quarterly","2019-Q1","Q1-2019","PC","Percentage","0","Units",,,1.072331,"P","Provisional value"
"NLD","Netherlands","P7","Imports of goods and services","GPSA","Growth rate compared to previous quarter, seasonally adjusted","Q","Quarterly","2019-Q2","Q2-2019","PC","Percentage","0","Units",,,1.452466,"P","Provisional value"
"NLD","Netherlands","P7","Imports of goods and services","GPSA","Growth rate compared to previous quarter, seasonally adjusted","Q","Quarterly","2019-Q3","Q3-2019","PC","Percentage","0","Units",,,1.064809,"P","Provisional value"
"NLD","Netherlands","P7","Imports of goods and services","GPSA","Growth rate compared to previous quarter, seasonally adjusted","Q","Quarterly","2019-Q4","Q4-2019","PC","Percentage","0","Units",,,0.554633,"P","Provisional value"
"NLD","Netherlands","P7","Imports of goods and services","GPSA","Growth rate compared to previous quarter, seasonally adjusted","Q","Quarterly","2020-Q1","Q1-2020","PC","Percentage","0","Units",,,-2.004393,"P","Provisional value"
